{
    "loss": 0.9394596219062805,
    "accuracy": 0.8793103694915771
}